id,name,price,url
63b41cce92661ee8fd9178ed,Słuchawki bezprzewodowe JBL Wave 200 TWS czarne,"196,99 zł",https://allegro.pl/oferta/sluchawki-bezprzewodowe-jbl-wave-200-tws-czarne-12839554685
63b41cce92661ee8fd9178f1,SŁUCHAWKI BEZPRZEWODOWE BLUETOOTH 5.1 + POWERBANK,"40,00 zł",https://allegro.pl/oferta/sluchawki-bezprzewodowe-bluetooth-5-1-powerbank-12950257155
63b41cce92661ee8fd9178f5,SŁUCHAWKI BEZPRZEWODOWE BLUETOOTH PODS POWERBANK,"89,99 zł",https://allegro.pl/oferta/sluchawki-bezprzewodowe-bluetooth-pods-powerbank-12774845550
63b41cce92661ee8fd9178f7,SŁUCHAWKI BEZPRZEWODOWE BLUETOOTH 5.1 + POWERBANK,"40,00 zł",https://allegro.pl/events/clicks?emission_unit_id=2bec4f36-8b3d-4348-a059-2de4ce7b371e&emission_id=33a87909-9632-466a-a5e9-1cd3c72e75c8&type=OFFER&ts=1672748228530&redirect=https%3A%2F%2Fallegro.pl%2Foferta%2Fsluchawki-bezprzewodowe-bluetooth-5-1-powerbank-10918461545%3Fbi_s%3Dads%26bi_m%3Dlisting%253Adesktop%253Acategory%26bi_c%3DOTY2ZWFiZTctNDYwZC00NWQwLWI1MDgtYjc4MGVmNDYzYWUxAA%26bi_t%3Dape&placement=listing:desktop:category&sig=e808c4ce8ff95770a5ebcf73ab35a69a
63b41cce92661ee8fd9178f9,SŁUCHAWKI BEZPRZEWODOWE TWS i1000 do IOS ANDROID,"69,89 zł",https://allegro.pl/oferta/sluchawki-bezprzewodowe-tws-i1000-do-ios-android-12857991923
63b41cce92661ee8fd9178fb,SŁUCHAWKI BEZPRZEWODOWE P47 BLUETOOTH MIKROFON MP3,"24,90 zł",https://allegro.pl/oferta/sluchawki-bezprzewodowe-p47-bluetooth-mikrofon-mp3-12843167965
63b41cce92661ee8fd9178ef,Słuchawki Bezprzewodowe + POWERBANK MIKROFON,"40,00 zł",https://allegro.pl/oferta/sluchawki-bezprzewodowe-powerbank-mikrofon-12613841088
63b41cce92661ee8fd9178ff,Słuchawki nauszne SONY WH-CH510 Bluetooth Czarne,"149,00 zł",https://allegro.pl/oferta/sluchawki-nauszne-sony-wh-ch510-bluetooth-czarne-12861982006
63b41cce92661ee8fd9178f3,TOSHIBA Słuchawki bezprzewodowe nauszne NA PREZENT,"149,00 zł",https://allegro.pl/oferta/toshiba-sluchawki-bezprzewodowe-nauszne-na-prezent-11470143684
63b41cce92661ee8fd917903,Sony MDR-ZX110LP Słuchawki nauszne 12Hz - 22000Hz,"49,90 zł",https://allegro.pl/oferta/sony-mdr-zx110lp-sluchawki-nauszne-12hz-22000hz-8626598404
63b41cce92661ee8fd917905,SŁUCHAWKI SPORTOWE BEZPRZEWODOWE BT5.1 + POWERBANK,"129,99 zł",https://allegro.pl/oferta/sluchawki-sportowe-bezprzewodowe-bt5-1-powerbank-12085608988
63b41cce92661ee8fd917907,SŁUCHAWKI BEZPRZEWODOWE BLUETOOTH Z POWERBANKIEM,"40,00 zł",https://allegro.pl/events/clicks?emission_unit_id=54fbf0a7-55d5-4e46-aab6-da86db70aacc&emission_id=33a87909-9632-466a-a5e9-1cd3c72e75c8&type=OFFER&ts=1672748228530&redirect=https%3A%2F%2Fallegro.pl%2Foferta%2Fsluchawki-bezprzewodowe-bluetooth-z-powerbankiem-11265106757%3Fbi_s%3Dads%26bi_m%3Dlisting%253Adesktop%253Acategory%26bi_c%3DOTY2ZWFiZTctNDYwZC00NWQwLWI1MDgtYjc4MGVmNDYzYWUxAA%26bi_t%3Dape&placement=listing:desktop:category&sig=755e16c4ea320c8712a280da5639a1c1
63b41cce92661ee8fd917909,SŁUCHAWKI BANG & OLUFSEN BEOPLAY EQ / BLACK,"1048,99 zł",https://allegro.pl/oferta/sluchawki-bang-olufsen-beoplay-eq-black-12983346970
63b41cce92661ee8fd91790b,Słuchawki PHILIPS TAT1207BK/00 TWS bezprzewodowe,"139,00 zł",https://allegro.pl/oferta/sluchawki-philips-tat1207bk-00-tws-bezprzewodowe-12763363207
63b41cce92661ee8fd91790d,SŁUCHAWKI BEZPRZEWODOWE BLUETOOTH Z POWERBANKIEM,"40,00 zł",https://allegro.pl/oferta/sluchawki-bezprzewodowe-bluetooth-z-powerbankiem-12499638061
63b41cce92661ee8fd91790f,Słuchawki bezprzewodowe Bluetooth HIFI dla dzieci,"54,99 zł",https://allegro.pl/oferta/sluchawki-bezprzewodowe-bluetooth-hifi-dla-dzieci-11064910244
63b41cce92661ee8fd9178fd,Słuchawki Bezprzewodowe + POWERBANK MIKROFON,"40,00 zł",https://allegro.pl/oferta/sluchawki-bezprzewodowe-powerbank-mikrofon-12864996285
63b41cce92661ee8fd917911,Słuchawki Xiaomi Redmi Buds 3 Lite bezprzewodowe,"89,90 zł",https://allegro.pl/oferta/sluchawki-xiaomi-redmi-buds-3-lite-bezprzewodowe-12273627270
63b41cce92661ee8fd917901,SŁUCHAWKI BEZPRZEWODOWE BLUETOOTH + POWERBANK,"55,00 zł",https://allegro.pl/oferta/sluchawki-bezprzewodowe-bluetooth-powerbank-11993363365
63b41cce92661ee8fd917913,Słuchawki Creative Zen Hybrid ANC bezprzewodowe,"299,00 zł",https://allegro.pl/oferta/sluchawki-creative-zen-hybrid-anc-bezprzewodowe-12939825993
63b41cce92661ee8fd917915,Słuchawki dokanałowe Jabra Elite 2 czarne,"169,00 zł",https://allegro.pl/oferta/sluchawki-dokanalowe-jabra-elite-2-czarne-12758174087
63b41cce92661ee8fd917917,SŁUCHAWKI BEZPRZEWODOWE BLUETOOTH 5.1 + POWERBANK,"40,00 zł",https://allegro.pl/events/clicks?emission_unit_id=7c322141-6098-4aba-b51c-f0890669f6f2&emission_id=33a87909-9632-466a-a5e9-1cd3c72e75c8&type=OFFER&ts=1672748228530&redirect=https%3A%2F%2Fallegro.pl%2Foferta%2Fsluchawki-bezprzewodowe-bluetooth-5-1-powerbank-12950257155%3Fbi_s%3Dads%26bi_m%3Dlisting%253Adesktop%253Acategory%26bi_c%3DZjg5NjZlMzEtYTI1YS00YWFjLTk5NWEtY2E4ZTNjYjM3M2E2AA%26bi_t%3Dape&placement=listing:desktop:category&sig=23abee3d2fb120121a53eaf2a729bf8e
63b41cce92661ee8fd917919,Słuchawki bezprzewodowe douszne air pro bluetooth,"69,99 zł",https://allegro.pl/oferta/sluchawki-bezprzewodowe-douszne-air-pro-bluetooth-12788542664
63b41cce92661ee8fd91791b,Słuchawki SENNHEISER MOMENTUM True Wireless 3 aptX,"959,00 zł",https://allegro.pl/oferta/sluchawki-sennheiser-momentum-true-wireless-3-aptx-12866391304
63b41ccf92661ee8fd91791d,Słuchawki bezprzewodowe Soundcore Sport X10 Czarny,"499,00 zł",https://allegro.pl/oferta/sluchawki-bezprzewodowe-soundcore-sport-x10-czarny-12575580422
63b41ccf92661ee8fd91791f,Słuchawki Creative Outlier Air V3 ANC IPX5 BT 5.2,"189,99 zł",https://allegro.pl/oferta/sluchawki-creative-outlier-air-v3-anc-ipx5-bt-5-2-12575722578
63b41ccf92661ee8fd917921,SŁUCHAWKI BEZPRZEWODOWE TWS X19 do IOS ANDROID,"99,99 zł",https://allegro.pl/oferta/sluchawki-bezprzewodowe-tws-x19-do-ios-android-11598733680
63b41ccf92661ee8fd917923,Słuchawki PHILIPS BASS+ TAH4205BK/00 bezprzewodowe,"129,99 zł",https://allegro.pl/oferta/sluchawki-philips-bass-tah4205bk-00-bezprzewodowe-12664876643
63b41ccf92661ee8fd917925,Słuchawki Creative Outlier Pro TWS bezprzewodowe,"289,00 zł",https://allegro.pl/oferta/sluchawki-creative-outlier-pro-tws-bezprzewodowe-12939643852
63b41ccf92661ee8fd917927,Słuchawki Bezprzewodowe + POWERBANK MIKROFON,"40,00 zł",https://allegro.pl/events/clicks?emission_unit_id=313d6c3f-d1b5-4db6-b9b9-865b838d138c&emission_id=33a87909-9632-466a-a5e9-1cd3c72e75c8&type=OFFER&ts=1672748228530&redirect=https%3A%2F%2Fallegro.pl%2Foferta%2Fsluchawki-bezprzewodowe-powerbank-mikrofon-12864996285%3Fbi_s%3Dads%26bi_m%3Dlisting%253Adesktop%253Acategory%26bi_c%3DZDdjNGE1NTgtMTg5ZC00MzMxLWFiODYtNGI2NzRkZGFiMmNiAA%26bi_t%3Dape&placement=listing:desktop:category&sig=94a0edf4e78338772b871735ac4ddbb7
63b41ccf92661ee8fd917929,SŁUCHAWKI BEZPRZEWODOWE REDMI BUDS ESSENTIAL,"126,90 zł",https://allegro.pl/oferta/sluchawki-bezprzewodowe-redmi-buds-essential-12878978153
63b41ccf92661ee8fd91792b,Słuchawki bezprzewodowe i1000 TWS iOS Android,"69,89 zł",https://allegro.pl/oferta/sluchawki-bezprzewodowe-i1000-tws-ios-android-12627326571
63b41ccf92661ee8fd91792d,SŁUCHAWKI BEZPRZEWODOWE BLUETOOTH NAUSZNE GAMING,"139,99 zł",https://allegro.pl/oferta/sluchawki-bezprzewodowe-bluetooth-nauszne-gaming-13011897417
63b41ccf92661ee8fd91792f,Słuchawki Philips BASS+ TAH4205RD/00 bezprzewodowe,"109,90 zł",https://allegro.pl/oferta/sluchawki-philips-bass-tah4205rd-00-bezprzewodowe-12665043610
63b41ccf92661ee8fd917931,Słuchawki bezprzewodowe Soundcore Liberty 3 Pro,"699,00 zł",https://allegro.pl/oferta/sluchawki-bezprzewodowe-soundcore-liberty-3-pro-12008208710
63b41ccf92661ee8fd917933,SŁUCHAWKI BEZPRZEWODOWE BLUETOOTH Z POWERBANKIEM,"25,00 zł",https://allegro.pl/oferta/sluchawki-bezprzewodowe-bluetooth-z-powerbankiem-12878240058
63b41ccf92661ee8fd917935,SŁUCHAWKI SPORTOWE BEZPRZEWODOWE BT5.1 + POWERBANK,"109,00 zł",https://allegro.pl/oferta/sluchawki-sportowe-bezprzewodowe-bt5-1-powerbank-9733220443
63b41ccf92661ee8fd917937,SŁUCHAWKI BEZPRZEWODOWE BLUETOOTH SŁUCHAWKI LENOVO,"83,00 zł",https://allegro.pl/events/clicks?emission_unit_id=82ee8cae-6a6d-421c-bae1-33a4a799b454&emission_id=33a87909-9632-466a-a5e9-1cd3c72e75c8&type=OFFER&ts=1672748228530&redirect=https%3A%2F%2Fallegro.pl%2Foferta%2Fsluchawki-bezprzewodowe-bluetooth-sluchawki-lenovo-12874483829%3Fbi_s%3Dads%26bi_m%3Dlisting%253Adesktop%253Acategory%26bi_c%3DYTVhZDVmOTktMTNiYy00MjgyLWE4YjgtMjA4Mzg0MDZmOTI0AA%26bi_t%3Dape&placement=listing:desktop:category&sig=4beef4021f41e6093c51b2e87d2dc656
63b41ccf92661ee8fd917939,SŁUCHAWKI JBL WAVE 300 TWS DOKANAŁOWE,"429,00 zł",https://allegro.pl/oferta/sluchawki-jbl-wave-300-tws-dokanalowe-13024280632
63b41ccf92661ee8fd91793b,Słuchawki dokanałowe Taotronics TT-BH097 ANC,"299,00 zł",https://allegro.pl/oferta/sluchawki-dokanalowe-taotronics-tt-bh097-anc-12894235526
63b41ccf92661ee8fd91793d,Słuchawki PHILIPS BASS+ TAH4205BL/00 bezprzewodowe,"139,00 zł",https://allegro.pl/oferta/sluchawki-philips-bass-tah4205bl-00-bezprzewodowe-12771710497
63b41ccf92661ee8fd91793f,Słuchawki Creative Zen Hybrid ANC bezprzewodowe,"299,00 zł",https://allegro.pl/oferta/sluchawki-creative-zen-hybrid-anc-bezprzewodowe-12939661864
63b41ccf92661ee8fd917941,NAUSZNE BEZPRZEWODOWE SŁUCHAWKI JBL TUNE 510BT,"198,99 zł",https://allegro.pl/oferta/nauszne-bezprzewodowe-sluchawki-jbl-tune-510bt-12898186538
63b41ccf92661ee8fd917943,Tronsmart Onyx Ace Pro Słuchawki aptX QCC3040,"159,00 zł",https://allegro.pl/oferta/tronsmart-onyx-ace-pro-sluchawki-aptx-qcc3040-12308228775
63b41ccf92661ee8fd917945,SŁUCHAWKI BEZPRZEWODOWE BLUETOOTH NAUSZNE MIKROFON,"40,00 zł",https://allegro.pl/oferta/sluchawki-bezprzewodowe-bluetooth-nauszne-mikrofon-12502018684
63b41ccf92661ee8fd917947,SŁUCHAWKI BEZPRZEWODOWE BLUETOOTH Z POWERBANKIEM,"34,90 zł",https://allegro.pl/events/clicks?emission_unit_id=bc278de1-025f-4b9c-8f34-877d69e33298&emission_id=33a87909-9632-466a-a5e9-1cd3c72e75c8&type=OFFER&ts=1672748228530&redirect=https%3A%2F%2Fallegro.pl%2Foferta%2Fsluchawki-bezprzewodowe-bluetooth-z-powerbankiem-12679328498%3Fbi_s%3Dads%26bi_m%3Dlisting%253Adesktop%253Acategory%26bi_c%3DOTM2N2I3YzctZWM3Zi00ODIwLWExNmMtZDk4NzIyNTc1ZWZlAA%26bi_t%3Dape&placement=listing:desktop:category&sig=28160db7c6f4ffccacf57e0ff163b0c0
63b41ccf92661ee8fd917949,SŁUCHAWKI BEZPRZEWODOWE REDMI BUDS ESSENTIAL,"119,90 zł",https://allegro.pl/oferta/sluchawki-bezprzewodowe-redmi-buds-essential-12878975840
63b41ccf92661ee8fd91794b,Havit H2232 Słuchawki Gamingowe DLA GRACZY RGB USB,"52,30 zł",https://allegro.pl/oferta/havit-h2232-sluchawki-gamingowe-dla-graczy-rgb-usb-9832856856
63b41ccf92661ee8fd91794d,Słuchawki dokanałowe JBL Tune 230NC ANC TWS,"319,00 zł",https://allegro.pl/oferta/sluchawki-dokanalowe-jbl-tune-230nc-anc-tws-13056155874
63b41ccf92661ee8fd91794f,SŁUCHAWKI BEZPRZEWODOWE BLUETOOTH + POWERBANK,"49,99 zł",https://allegro.pl/oferta/sluchawki-bezprzewodowe-bluetooth-powerbank-9045806528
63b41ccf92661ee8fd917951,SŁUCHAWKI BEZPRZEWODOWE NA SIŁOWNIE DO BIEGANIA BT,-64%,https://allegro.pl/oferta/sluchawki-bezprzewodowe-na-silownie-do-biegania-bt-12934050504
63b41ccf92661ee8fd917953,Słuchawki SENNHEISER MOMENTUM 4 Wireless ANC aptX,"1379,00 zł",https://allegro.pl/oferta/sluchawki-sennheiser-momentum-4-wireless-anc-aptx-12823360523
63b41ccf92661ee8fd917955,Słuchawki True Wireless Jabra Elite 3 czarne,"319,00 zł",https://allegro.pl/oferta/sluchawki-true-wireless-jabra-elite-3-czarne-12757797166
63b41ccf92661ee8fd91795b,Słuchawki nauszne SONY WH-CH510 BT 5.0 Niebieskie,"126,89 zł",https://allegro.pl/oferta/sluchawki-nauszne-sony-wh-ch510-bt-5-0-niebieskie-12575788005
63b41ccf92661ee8fd917957,SŁUCHAWKI BEZPRZEWODOWE SŁUCHAWKI BLUETOOTH LENOVO,"78,00 zł",https://allegro.pl/events/clicks?emission_unit_id=d2cd1866-b2b1-4bc3-b845-db77e08b73db&emission_id=33a87909-9632-466a-a5e9-1cd3c72e75c8&type=OFFER&ts=1672748228530&redirect=https%3A%2F%2Fallegro.pl%2Foferta%2Fsluchawki-bezprzewodowe-sluchawki-bluetooth-lenovo-12800819233%3Fbi_s%3Dads%26bi_m%3Dlisting%253Adesktop%253Acategory%26bi_c%3DYTVhZDVmOTktMTNiYy00MjgyLWE4YjgtMjA4Mzg0MDZmOTI0AA%26bi_t%3Dape&placement=listing:desktop:category&sig=b22c6cbdb7ac364a2aa4dda75539c3cf
63b41ccf92661ee8fd917959,Słuchawki bezprzewodowe Jabra Elite 5 czarne,"499,00 zł",https://allegro.pl/oferta/sluchawki-bezprzewodowe-jabra-elite-5-czarne-12672563272
63b41cd092661ee8fd91795d,Słuchawki Jabra Elite 2 TWS IP55 BT 5.2 aptX Navy,"199,00 zł",https://allegro.pl/oferta/sluchawki-jabra-elite-2-tws-ip55-bt-5-2-aptx-navy-12440403712
63b41cd092661ee8fd91795f,Słuchawki bezprzewodowe JBL Live Pro+ TWS Beżowe,"579,00 zł",https://allegro.pl/oferta/sluchawki-bezprzewodowe-jbl-live-pro-tws-bezowe-12843161664
63b41cd092661ee8fd917961,SŁUCHAWKI SAMSUNG GALAXY BUDS PRO DOKANAŁOWE BT,"359,00 zł",https://allegro.pl/oferta/sluchawki-samsung-galaxy-buds-pro-dokanalowe-bt-11582338431
63b41cd092661ee8fd917963,Słuchawki bezprzewodowe Sony WH-CH710N Czarny,"429,00 zł",https://allegro.pl/oferta/sluchawki-bezprzewodowe-sony-wh-ch710n-czarny-12141969996
63b41cd092661ee8fd917969,Słuchawki bezprzewodowe douszne Xiaomi Buds 3T Pro,"499,00 zł",https://allegro.pl/oferta/sluchawki-bezprzewodowe-douszne-xiaomi-buds-3t-pro-12826595759
63b41cd092661ee8fd917967,SŁUCHAWKI AIRDOTS EARBUDS NOWY MODEL + POWERBANK,"40,00 zł",https://allegro.pl/events/clicks?emission_unit_id=8f8383d8-aa4a-4280-8453-bad433c7db3f&emission_id=33a87909-9632-466a-a5e9-1cd3c72e75c8&type=OFFER&ts=1672748228530&redirect=https%3A%2F%2Fallegro.pl%2Foferta%2Fsluchawki-airdots-earbuds-nowy-model-powerbank-10473330636%3Fbi_s%3Dads%26bi_m%3Dlisting%253Adesktop%253Acategory%26bi_c%3DNjFkZTQ1NGItZGM0ZS00NTBmLTgwN2YtZmYwMGQwMjBhMmU1AA%26bi_t%3Dape&placement=listing:desktop:category&sig=481225f7a6b60dc1835e0a12f69db863
63b41cd092661ee8fd917965,SŁUCHAWKI BEZPRZEWODOWE DOUSZNE USAMS POWERBANK,"108,99 zł",https://allegro.pl/oferta/sluchawki-bezprzewodowe-douszne-usams-powerbank-12824414877
63b41cd092661ee8fd91796b,SŁUCHAWKI PRZEWODOWE ISK MDH8500 BRĄZOWE NAUSZNE,"228,99 zł",https://allegro.pl/oferta/sluchawki-przewodowe-isk-mdh8500-brazowe-nauszne-12973854220
63b41cd092661ee8fd91796d,Słuchawki Samsung Galaxy Buds 2 SM-R177NZK BT 5.2,"579,00 zł",https://allegro.pl/oferta/sluchawki-samsung-galaxy-buds-2-sm-r177nzk-bt-5-2-12997574231
63b41cd092661ee8fd91796f,Słuchawki bezprzewodowe douszne Huawei FreeBuds 3,"309,60 zł",https://allegro.pl/oferta/sluchawki-bezprzewodowe-douszne-huawei-freebuds-3-12916605397
63b41cd092661ee8fd917971,Słuchawki Bezprzewodowe + POWERBANK MIKROFON,"40,00 zł",https://allegro.pl/events/clicks?emission_unit_id=a77ab26b-7d1e-4b3d-a1a4-4ef1a131c048&emission_id=33a87909-9632-466a-a5e9-1cd3c72e75c8&type=OFFER&ts=1672748228530&redirect=https%3A%2F%2Fallegro.pl%2Foferta%2Fsluchawki-bezprzewodowe-powerbank-mikrofon-12613841088%3Fbi_s%3Dads%26bi_m%3Dlisting%253Adesktop%253Acategory%26bi_c%3DMmRiNDM5NGEtNDUyYi00NWJkLTkxNjAtMzAzYWU2YjlmOTU4AA%26bi_t%3Dape&placement=listing:desktop:category&sig=c56c3d90ff1018e62decc782e30bd364
63b41cd092661ee8fd917973,SŁUCHAWKI BEZPRZEWODOWE DOUSZNE BT TWS EDIFIER X3S,"129,00 zł",https://allegro.pl/events/clicks?emission_unit_id=c7535838-aac1-4a04-a441-86768fe55116&emission_id=33a87909-9632-466a-a5e9-1cd3c72e75c8&type=OFFER&ts=1672748228530&redirect=https%3A%2F%2Fallegro.pl%2Foferta%2Fsluchawki-bezprzewodowe-douszne-bt-tws-edifier-x3s-11870255140%3Fbi_s%3Dads%26bi_m%3Dlisting%253Adesktop%253Acategory%26bi_c%3DN2JjNDk2OGEtY2Q0YS00M2UxLTkxMmUtMDAxYzg5MWJhMjYxAA%26bi_t%3Dape&placement=listing:desktop:category&sig=46ec04e0096ad5d5da134b362d48cf92
63b41cdf92661ee8fd917975,Słuchawki bezprzewodowe Audio-Technica ATH-M20xBT,"389,00 zł",https://allegro.pl/oferta/sluchawki-bezprzewodowe-audio-technica-ath-m20xbt-12796237825
63b41cdf92661ee8fd917977,AP1 NOWE SŁUCHAWKI DOUSZNE MEGABASS MP4 MP3,"9,49 zł",https://allegro.pl/oferta/ap1-nowe-sluchawki-douszne-megabass-mp4-mp3-9142744881
63b41cdf92661ee8fd917979,Słuchawki Bezprzewodowe Bluetooth z Mikrofonem MP3,"75,00 zł",https://allegro.pl/oferta/sluchawki-bezprzewodowe-bluetooth-z-mikrofonem-mp3-12418967153
63b41cdf92661ee8fd91797b,Słuchawki dokanałowe JBL Vibe 200TWS bezprzewodowe,"249,00 zł",https://allegro.pl/oferta/sluchawki-dokanalowe-jbl-vibe-200tws-bezprzewodowe-12910030794
63b41cdf92661ee8fd91797d,Słuchawki PHILIPS TAT2206BK/00 TWS bezprzewodowe,"149,00 zł",https://allegro.pl/oferta/sluchawki-philips-tat2206bk-00-tws-bezprzewodowe-12273598296
63b41cdf92661ee8fd91797f,SŁUCHAWKI BEZPRZEWODOWE DOUSZNE BT TWS EDIFIER X3S,"129,00 zł",https://allegro.pl/events/clicks?emission_unit_id=2d132233-9139-4e82-bffd-8cd67e062b3c&emission_id=f3f719bc-4076-4588-93b5-255e1fae2ca0&type=OFFER&ts=1672748250097&redirect=https%3A%2F%2Fallegro.pl%2Foferta%2Fsluchawki-bezprzewodowe-douszne-bt-tws-edifier-x3s-11870255140%3Fbi_s%3Dads%26bi_m%3Dlisting%253Adesktop%253Acategory%26bi_c%3DN2JjNDk2OGEtY2Q0YS00M2UxLTkxMmUtMDAxYzg5MWJhMjYxAA%26bi_t%3Dape&placement=listing:desktop:category&sig=bbe4776ee60dea736aa24c3a63853295
63b41cdf92661ee8fd917981,Słuchawki realme Buds Air 3 TWS IPX5 BT B.2 Blue,"269,00 zł",https://allegro.pl/oferta/sluchawki-realme-buds-air-3-tws-ipx5-bt-b-2-blue-12710606556
63b41cdf92661ee8fd917983,Bezprzewodowe słuchawki TaoTronics TT-BH090 ANC 2,"229,00 zł",https://allegro.pl/oferta/bezprzewodowe-sluchawki-taotronics-tt-bh090-anc-2-9968553173
63b41cdf92661ee8fd917985,Słuchawki przewodowe SONY MDR-ZX110 Nauszne Czarne,"53,88 zł",https://allegro.pl/oferta/sluchawki-przewodowe-sony-mdr-zx110-nauszne-czarne-12945010068
63b41cdf92661ee8fd917987,Słuchawki Philips BASS+ TAH4205WT/00 bezprzewodowe,"139,00 zł",https://allegro.pl/oferta/sluchawki-philips-bass-tah4205wt-00-bezprzewodowe-12665006150
63b41cdf92661ee8fd917989,Słuchawki Baseus Encok W3 TWS IP55 bezprzewodowe,"99,99 zł",https://allegro.pl/oferta/sluchawki-baseus-encok-w3-tws-ip55-bezprzewodowe-12853717463
63b41cdf92661ee8fd91798b,Słuchawki PHILIPS TAT1207WT/00 TWS bezprzewodowe,"139,00 zł",https://allegro.pl/oferta/sluchawki-philips-tat1207wt-00-tws-bezprzewodowe-12763375479
63b41cdf92661ee8fd91798d,Słuchawki bluetooth SONY WH-CH510 Nauszne Białe,"137,90 zł",https://allegro.pl/oferta/sluchawki-bluetooth-sony-wh-ch510-nauszne-biale-13023833995
63b41cdf92661ee8fd91798f,TOSHIBA Słuchawki bezprzewodowe nauszne NA PREZENT,"149,00 zł",https://allegro.pl/events/clicks?emission_unit_id=efc31885-8044-465d-b458-d19b1b7892ae&emission_id=f3f719bc-4076-4588-93b5-255e1fae2ca0&type=OFFER&ts=1672748250097&redirect=https%3A%2F%2Fallegro.pl%2Foferta%2Ftoshiba-sluchawki-bezprzewodowe-nauszne-na-prezent-11470143684%3Fbi_s%3Dads%26bi_m%3Dlisting%253Adesktop%253Acategory%26bi_c%3DODJjOTQxZTUtM2U2Zi00NWJhLWJiMjMtYTY3ZjlkM2Y3Yjg4AA%26bi_t%3Dape&placement=listing:desktop:category&sig=4a4cd438fb2770cd4698457d3490f0e0
63b41cdf92661ee8fd917991,Słuchawki SONY WI-C100 BT 5.0 Czarne bezprzewodowe,"168,00 zł",https://allegro.pl/oferta/sluchawki-sony-wi-c100-bt-5-0-czarne-bezprzewodowe-12305744011
63b41cdf92661ee8fd917993,SŁUCHAWKI BEZPRZEWODOWE DOUSZNE SPORTOWE BLUETOOTH,"99,00 zł",https://allegro.pl/oferta/sluchawki-bezprzewodowe-douszne-sportowe-bluetooth-12697569216
63b41cdf92661ee8fd917995,Słuchawki nauszne Edifier W600BT bezprzewodowe,"149,99 zł",https://allegro.pl/oferta/sluchawki-nauszne-edifier-w600bt-bezprzewodowe-13020391682
63b41cdf92661ee8fd917997,SŁUCHAWKI BEZPRZEWODOWE BLUETOOTH Z POWERBANKIEM,"29,89 zł",https://allegro.pl/oferta/sluchawki-bezprzewodowe-bluetooth-z-powerbankiem-12644554838
63b41ce092661ee8fd917999,Słuchawki QCY T13 TWS BT 5.1 IPX4 bezprzewodowe,-5%,https://allegro.pl/oferta/sluchawki-qcy-t13-tws-bt-5-1-ipx4-bezprzewodowe-12230299471
63b41ce092661ee8fd91799b,SŁUCHAWKI BEZPRZEWODOWE BLUETOOTH USAMS POWERBANK,"119,99 zł",https://allegro.pl/oferta/sluchawki-bezprzewodowe-bluetooth-usams-powerbank-12880806417
63b41ce092661ee8fd91799d,HAYLOU SŁUCHAWKI BEZPRZEWODOWE BLUETOOTH TWS GT7,"109,00 zł",https://allegro.pl/oferta/haylou-sluchawki-bezprzewodowe-bluetooth-tws-gt7-11925308052
63b41ce092661ee8fd91799f,SŁUCHAWKI BEZPRZEWODOWE BLUETOOTH + POWERBANK,"55,00 zł",https://allegro.pl/events/clicks?emission_unit_id=a540b27e-fb6f-4c96-8be2-5e19ca041dee&emission_id=f3f719bc-4076-4588-93b5-255e1fae2ca0&type=OFFER&ts=1672748250097&redirect=https%3A%2F%2Fallegro.pl%2Foferta%2Fsluchawki-bezprzewodowe-bluetooth-powerbank-11993363365%3Fbi_s%3Dads%26bi_m%3Dlisting%253Adesktop%253Acategory%26bi_c%3DZWJjMTc3YzQtMDI5NS00MDQyLThmYTUtNzJlN2MyMWM2YzE1AA%26bi_t%3Dape&placement=listing:desktop:category&sig=e418c7b3e2feffc4cd46226d7c1480e3
63b41ce092661ee8fd9179a1,Słuchawki Xiaomi Mi True Wireless 2 Pro ANC,"168,99 zł",https://allegro.pl/oferta/sluchawki-xiaomi-mi-true-wireless-2-pro-anc-13028455569
63b41ce092661ee8fd9179a3,SŁUCHAWKI BEZPRZEWODOWE REDMI BUDS LITE CZARNE,"126,90 zł",https://allegro.pl/oferta/sluchawki-bezprzewodowe-redmi-buds-lite-czarne-11884114597
63b41ce092661ee8fd9179a5,Słuchawki bezprzewodowe SoundCore Life Q35 ANC BT,"549,00 zł",https://allegro.pl/oferta/sluchawki-bezprzewodowe-soundcore-life-q35-anc-bt-12304541291
63b41ce092661ee8fd9179a7,SŁUCHAWKI TWS BEZPRZEWODOWE do IOS ANDROID KOLORY,"40,00 zł",https://allegro.pl/oferta/sluchawki-tws-bezprzewodowe-do-ios-android-kolory-12961290073
63b41ce092661ee8fd9179a9,Słuchawki przewodowe JBL TUNE 500 Nauszne Czarne,"89,90 zł",https://allegro.pl/oferta/sluchawki-przewodowe-jbl-tune-500-nauszne-czarne-12668205791
63b41ce092661ee8fd9179ab,Słuchawki Samsung Buds 2 Pro ANC BT 5.3 Grafitowe,"899,00 zł",https://allegro.pl/oferta/sluchawki-samsung-buds-2-pro-anc-bt-5-3-grafitowe-12515685248
63b41ce092661ee8fd9179ad,Słuchawki przewodowe/bezprzewodowe MEGA BASS,"80,00 zł",https://allegro.pl/oferta/sluchawki-przewodowe-bezprzewodowe-mega-bass-9766497913
63b41ce092661ee8fd9179af,Słuchawki Bezprzewodowe +POWERBANK MIKROFON KOLORY,"40,00 zł",https://allegro.pl/events/clicks?emission_unit_id=5b1c02e1-c1dc-4c4f-b6fb-0ef281cb8eb2&emission_id=f3f719bc-4076-4588-93b5-255e1fae2ca0&type=OFFER&ts=1672748250097&redirect=https%3A%2F%2Fallegro.pl%2Foferta%2Fsluchawki-bezprzewodowe-powerbank-mikrofon-kolory-12750118669%3Fbi_s%3Dads%26bi_m%3Dlisting%253Adesktop%253Acategory%26bi_c%3DMzIzNWVhYjgtNjg4Mi00NzFlLWJmNDUtNmZkM2FmMWU4MjFlAA%26bi_t%3Dape&placement=listing:desktop:category&sig=fe254709e37c28345a15d68485419b82
63b41ce092661ee8fd9179b1,SŁUCHAWKI JVC SPORTOWE BEZPRZEWODOWE BLUETOOTH,"139,00 zł",https://allegro.pl/oferta/sluchawki-jvc-sportowe-bezprzewodowe-bluetooth-12733184806
63b41ce092661ee8fd9179b3,Słuchawki bezprzewodowe OnePlus Bullets Wireless Z,"249,00 zł",https://allegro.pl/oferta/sluchawki-bezprzewodowe-oneplus-bullets-wireless-z-11294305576
63b41ce092661ee8fd9179b5,HAYLOU BC01 SŁUCHAWKI BEZPRZEWODOWE KOSTNE BT IP67,"449,00 zł",https://allegro.pl/oferta/haylou-bc01-sluchawki-bezprzewodowe-kostne-bt-ip67-12304723351
63b41ce092661ee8fd9179b7,SŁUCHAWKI BLUETOOTH BEZPRZEWODOWE DOUSZNE,"11,98 zł",https://allegro.pl/oferta/sluchawki-bluetooth-bezprzewodowe-douszne-9809820328
63b41ce092661ee8fd9179b9,SŁUCHAWKI BEZPRZEWODOWE BLUETOOTH MIKROFON RGB LED,"49,90 zł",https://allegro.pl/oferta/sluchawki-bezprzewodowe-bluetooth-mikrofon-rgb-led-13000303902
63b41ce092661ee8fd9179bb,Słuchawki bezprzewodowe Soundcore Liberty 3 Pro Gr,"699,00 zł",https://allegro.pl/oferta/sluchawki-bezprzewodowe-soundcore-liberty-3-pro-gr-12008166732
63b41ce092661ee8fd9179bd,SŁUCHAWKI BIEGANIA bezprzewodowe Sport Treningowe,"149,75 zł",https://allegro.pl/oferta/sluchawki-biegania-bezprzewodowe-sport-treningowe-12036464625
63b41ce092661ee8fd9179bf,Słuchawki bezprzewodowe Soundcore Sport X10 Czarny,"499,00 zł",https://allegro.pl/events/clicks?emission_unit_id=d2e7d6fa-a607-4194-87cd-e3cb1d777893&emission_id=f3f719bc-4076-4588-93b5-255e1fae2ca0&type=OFFER&ts=1672748250097&redirect=https%3A%2F%2Fallegro.pl%2Foferta%2Fsluchawki-bezprzewodowe-soundcore-sport-x10-czarny-12575580422%3Fbi_s%3Dads%26bi_m%3Dlisting%253Adesktop%253Acategory%26bi_c%3DNzAzZDBmYjMtM2RmYy00ZDY1LWJkOWMtYmRhOTZlMDczZjI0AA%26bi_t%3Dape&placement=listing:desktop:category&sig=725d63d02748f8c593c77b13dc99992c
63b41ce092661ee8fd9179c1,Słuchawki bluetooth Edifier X3 TWS bezprzewodowe,"94,90 zł",https://allegro.pl/oferta/sluchawki-bluetooth-edifier-x3-tws-bezprzewodowe-13020326154
63b41ce092661ee8fd9179c3,Słuchawki nauszne Koss Porta Pro Classic Składane,"149,00 zł",https://allegro.pl/oferta/sluchawki-nauszne-koss-porta-pro-classic-skladane-12254827157
63b41ce092661ee8fd9179c5,SŁUCHAWKI BEZPRZEWODOWE BLUETOOTH MIKROFON RGB LED,"45,00 zł",https://allegro.pl/oferta/sluchawki-bezprzewodowe-bluetooth-mikrofon-rgb-led-13006694538
63b41ce092661ee8fd9179c7,Słuchawki Bezprzewodowe Xiaomi Mi True 2 Pro ANC,"168,50 zł",https://allegro.pl/oferta/sluchawki-bezprzewodowe-xiaomi-mi-true-2-pro-anc-13028645009
63b41ce092661ee8fd9179c9,Słuchawki bezprzewodowe JBL Live Pro+ TWS Różowe,"489,00 zł",https://allegro.pl/oferta/sluchawki-bezprzewodowe-jbl-live-pro-tws-rozowe-12843161663
63b41ce092661ee8fd9179cb,Słuchawki OPPO Enco Air2 Pro W33 ANC bezprzewodowe,"259,00 zł",https://allegro.pl/oferta/sluchawki-oppo-enco-air2-pro-w33-anc-bezprzewodowe-12765006637
63b41ce092661ee8fd9179cd,Słuchawki Audio-Technica ATH-M50xBT2 bezprzewodowe,"799,00 zł",https://allegro.pl/oferta/sluchawki-audio-technica-ath-m50xbt2-bezprzewodowe-12255428040
63b41ce092661ee8fd9179cf,SŁUCHAWKI BEZPRZEWODOWE TWS i1000 do IOS ANDROID,"69,89 zł",https://allegro.pl/events/clicks?emission_unit_id=04a91e20-a325-4c5d-9a7b-aac0fc6202b4&emission_id=f3f719bc-4076-4588-93b5-255e1fae2ca0&type=OFFER&ts=1672748250097&redirect=https%3A%2F%2Fallegro.pl%2Foferta%2Fsluchawki-bezprzewodowe-tws-i1000-do-ios-android-12857991923%3Fbi_s%3Dads%26bi_m%3Dlisting%253Adesktop%253Acategory%26bi_c%3DYmU0ODdjNTYtMGYxNi00ZDMwLWE4OTAtOTRiYThkNDllZmFiAA%26bi_t%3Dape&placement=listing:desktop:category&sig=edfcb96d67f6e887dc326f3a5080c8eb
63b41ce092661ee8fd9179d1,Słuchawki OnePlus Nord Buds TWS bezprzewodowe,"199,00 zł",https://allegro.pl/oferta/sluchawki-oneplus-nord-buds-tws-bezprzewodowe-12827118525
63b41ce192661ee8fd9179d3,SŁUCHAWKI BEZPRZEWODOWE NAUSZNE AUX MIKROFON KABEL,"49,99 zł",https://allegro.pl/oferta/sluchawki-bezprzewodowe-nauszne-aux-mikrofon-kabel-12485178880
63b41ce192661ee8fd9179d5,SŁUCHAWKI BEZPRZEWODOWE + POWERBANK MIKROFON,"40,00 zł",https://allegro.pl/oferta/sluchawki-bezprzewodowe-powerbank-mikrofon-12659899320
63b41ce192661ee8fd9179d7,SŁUCHAWKI BEZPRZEWODOWE BLUETOOTH 5 + POWERBANK,"29,99 zł",https://allegro.pl/oferta/sluchawki-bezprzewodowe-bluetooth-5-powerbank-12596718420
63b41ce192661ee8fd9179d9,Słuchawki nauszne JVC HA-S6W-BU bezprzewodowe,"109,99 zł",https://allegro.pl/oferta/sluchawki-nauszne-jvc-ha-s6w-bu-bezprzewodowe-12988842847
63b41ce192661ee8fd9179db,SŁUCHAWKI DLA DZIECI BLUETOOTH LED RGB KOCIE USZY,"40,00 zł",https://allegro.pl/oferta/sluchawki-dla-dzieci-bluetooth-led-rgb-kocie-uszy-12831175521
63b41ce192661ee8fd9179dd,SŁUCHAWKI BEZPRZEWODOWE SPORTOWE BIEGANIE TWS 16GB,"89,99 zł",https://allegro.pl/oferta/sluchawki-bezprzewodowe-sportowe-bieganie-tws-16gb-12642662693
63b41ce192661ee8fd9179df,SŁUCHAWKI SPORTOWE BEZPRZEWODOWE BT5.1 + POWERBANK,"129,99 zł",https://allegro.pl/events/clicks?emission_unit_id=01421316-1e06-4f54-8b5e-c17661051453&emission_id=f3f719bc-4076-4588-93b5-255e1fae2ca0&type=OFFER&ts=1672748250097&redirect=https%3A%2F%2Fallegro.pl%2Foferta%2Fsluchawki-sportowe-bezprzewodowe-bt5-1-powerbank-12085608988%3Fbi_s%3Dads%26bi_m%3Dlisting%253Adesktop%253Acategory%26bi_c%3DZGQ2YmRhZDktNzMxNS00ZWZhLWJiY2QtYzExODczZTgwYjQyAA%26bi_t%3Dape&placement=listing:desktop:category&sig=8eda98526dad949146c0c4f5759854e2
63b41ce192661ee8fd9179e1,Słuchawki bezprzewodowe dokanałowe JBL VIBE 200TWS,"229,00 zł",https://allegro.pl/oferta/sluchawki-bezprzewodowe-dokanalowe-jbl-vibe-200tws-13056199493
63b41ce192661ee8fd9179e3,JBL WAVE 100 TWS / SŁUCHAWKI DOKANAŁOWE BLUETOOTH,"167,90 zł",https://allegro.pl/oferta/jbl-wave-100-tws-sluchawki-dokanalowe-bluetooth-12543826299
63b41ce192661ee8fd9179e5,Słuchawki bezprzewodowe douszne TWS G02 TWS,"125,00 zł",https://allegro.pl/oferta/sluchawki-bezprzewodowe-douszne-tws-g02-tws-11598592036
63b41ce192661ee8fd9179e7,JOYROOM SŁUCHAWKI BEZPRZEWODOWE BLUETOOTH SPORTOWE,"59,00 zł",https://allegro.pl/oferta/joyroom-sluchawki-bezprzewodowe-bluetooth-sportowe-11617845228
63b41ce192661ee8fd9179e9,Słuchawki Baseus Encok WM01 Czarne bezprzewodowe,"79,90 zł",https://allegro.pl/oferta/sluchawki-baseus-encok-wm01-czarne-bezprzewodowe-12619884817
63b41ce192661ee8fd9179eb,Słuchawki Bezprzewodowe Xiaomi AIRDOTS 2S - GAMING,"146,90 zł",https://allegro.pl/oferta/sluchawki-bezprzewodowe-xiaomi-airdots-2s-gaming-10716504647
63b41ce192661ee8fd9179ed,SŁUCHAWKI BEZPRZEWODOWE P47 BLUETOOTH MIKROFON MP3,"22,89 zł",https://allegro.pl/oferta/sluchawki-bezprzewodowe-p47-bluetooth-mikrofon-mp3-11961210498
63b41ce192661ee8fd9179ef,SŁUCHAWKI BEZPRZEWODOWE TWS X19 do IOS ANDROID,"99,99 zł",https://allegro.pl/events/clicks?emission_unit_id=aa48ee7a-4999-45ec-9194-c2adcf2b22d6&emission_id=f3f719bc-4076-4588-93b5-255e1fae2ca0&type=OFFER&ts=1672748250097&redirect=https%3A%2F%2Fallegro.pl%2Foferta%2Fsluchawki-bezprzewodowe-tws-x19-do-ios-android-11598733680%3Fbi_s%3Dads%26bi_m%3Dlisting%253Adesktop%253Acategory%26bi_c%3DODYwMWNjZmItOTM0Ny00YTUyLTliYjgtN2MxODM5OGRhYzg3AA%26bi_t%3Dape&placement=listing:desktop:category&sig=899dca64e9d3dbc0fcb35d21ca2c8a56
63b41ce192661ee8fd9179f1,HAYLOU SŁUCHAWKI BEZPRZEWODOWE BLUETOOTH TWS GT6,"94,90 zł",https://allegro.pl/oferta/haylou-sluchawki-bezprzewodowe-bluetooth-tws-gt6-11944249339
63b41ce192661ee8fd9179f3,SŁUCHAWKI NAUSZNE BEZPRZEWODOWE AUDICTUS WINNER,"98,97 zł",https://allegro.pl/oferta/sluchawki-nauszne-bezprzewodowe-audictus-winner-13074156416
63b41ce192661ee8fd9179f5,Bezprzewodowe słuchawki TaoTronics TT-BH085 ANC,-10%,https://allegro.pl/oferta/bezprzewodowe-sluchawki-taotronics-tt-bh085-anc-9605296585
63b41ce192661ee8fd9179f7,Na prezent dla Dziecka Słuchawki Bezprzewodowe,"79,00 zł",https://allegro.pl/oferta/na-prezent-dla-dziecka-sluchawki-bezprzewodowe-10609732708
63b41ce192661ee8fd9179f9,SŁUCHAWKI BEZPRZEWODOWE REDMI BUDS ESSENTIAL,"126,90 zł",https://allegro.pl/events/clicks?emission_unit_id=2fd159fa-46dc-485e-9e48-1f85a306dc2a&emission_id=f3f719bc-4076-4588-93b5-255e1fae2ca0&type=OFFER&ts=1672748250097&redirect=https%3A%2F%2Fallegro.pl%2Foferta%2Fsluchawki-bezprzewodowe-redmi-buds-essential-12878978153%3Fbi_s%3Dads%26bi_m%3Dlisting%253Adesktop%253Acategory%26bi_c%3DYmI4ZmY4YTgtNjhlOC00ZmNmLTgyMTktZGQ0YzU1OGUwMzg2AA%26bi_t%3Dape&placement=listing:desktop:category&sig=5b6a8174e91f93012c7ca410ebc2a706
63b41ce192661ee8fd9179fb,SŁUCHAWKI BEZPRZEWODOWE BLUETOOTH PODS POWERBANK,"89,99 zł",https://allegro.pl/events/clicks?emission_unit_id=9ebcd175-974e-480a-9601-dd1b11b05145&emission_id=f3f719bc-4076-4588-93b5-255e1fae2ca0&type=OFFER&ts=1672748250097&redirect=https%3A%2F%2Fallegro.pl%2Foferta%2Fsluchawki-bezprzewodowe-bluetooth-pods-powerbank-12774845550%3Fbi_s%3Dads%26bi_m%3Dlisting%253Adesktop%253Acategory%26bi_c%3DOGUzZDYzNTgtNjcxZi00MDBjLTkyM2MtMTExMjljYjA5OTkyAA%26bi_t%3Dape&placement=listing:desktop:category&sig=7f451854abec380c390ef4c4163ac32c
63b41cf092661ee8fd9179fd,SŁUCHAWKI BLUETOOTH BEZPRZEWODOWE BT 5.1 POWERBANK,"99,99 zł",https://allegro.pl/oferta/sluchawki-bluetooth-bezprzewodowe-bt-5-1-powerbank-12412515948
63b41cf092661ee8fd9179ff,SŁUCHAWKI DLA DZIECI BEZPRZEWODOWE BLUETOOTH USZY,"40,00 zł",https://allegro.pl/oferta/sluchawki-dla-dzieci-bezprzewodowe-bluetooth-uszy-10844415189
63b41cf092661ee8fd917a01,SŁUCHAWKI DOUSZNE JBL T110 NIEBIESKIE Z MIKROFONEM,"40,00 zł",https://allegro.pl/oferta/sluchawki-douszne-jbl-t110-niebieskie-z-mikrofonem-8608313176
63b41cf092661ee8fd917a03,Słuchawki SONY WI-C100 BT 5.0 Blue bezprzewodowe,"168,00 zł",https://allegro.pl/oferta/sluchawki-sony-wi-c100-bt-5-0-blue-bezprzewodowe-12665037490
63b41cf092661ee8fd917a05,Słuchawki Samsung Galaxy Buds 2 Pro ANC białe,"999,00 zł",https://allegro.pl/oferta/sluchawki-samsung-galaxy-buds-2-pro-anc-biale-12487659629
63b41cf092661ee8fd917a07,SŁUCHAWKI BEZPRZEWODOWE BLUETOOTH 5.1 + POWERBANK,"40,00 zł",https://allegro.pl/events/clicks?emission_unit_id=bb97764d-00ed-45c6-9598-0f7fe9247616&emission_id=3dd88f16-a29b-4dc4-bd2d-6e51870bb66a&type=OFFER&ts=1672748267341&redirect=https%3A%2F%2Fallegro.pl%2Foferta%2Fsluchawki-bezprzewodowe-bluetooth-5-1-powerbank-10918461545%3Fbi_s%3Dads%26bi_m%3Dlisting%253Adesktop%253Acategory%26bi_c%3DOTY2ZWFiZTctNDYwZC00NWQwLWI1MDgtYjc4MGVmNDYzYWUxAA%26bi_t%3Dape&placement=listing:desktop:category&sig=e07190f8376b8218ec4e0a26662e52fc
63b41cf092661ee8fd917a09,Słuchawki Baseus Encok WM01 Fiolet bezprzewodowe,"79,90 zł",https://allegro.pl/oferta/sluchawki-baseus-encok-wm01-fiolet-bezprzewodowe-12620083562
63b41cf092661ee8fd917a0b,SŁUCHAWKI BEZPRZEWODOWE TWS F9 5.1 DO IOS ANDROID,"40,00 zł",https://allegro.pl/oferta/sluchawki-bezprzewodowe-tws-f9-5-1-do-ios-android-10195837010
63b41cf092661ee8fd917a0d,SŁUCHAWKI BEZPRZEWODOWE NAUSZNE BT SD MP3 MIKROFON,"19,99 zł",https://allegro.pl/oferta/sluchawki-bezprzewodowe-nauszne-bt-sd-mp3-mikrofon-12664341245
63b41cf092661ee8fd917a0f,Słuchawki nauszne JBL TUNE 510BT Bluetooth Różowe,"179,00 zł",https://allegro.pl/oferta/sluchawki-nauszne-jbl-tune-510bt-bluetooth-rozowe-12174784058
63b41cf192661ee8fd917a11,Słuchawki elektrostatyczne KZ ZEX PRO czarne,"189,00 zł",https://allegro.pl/oferta/sluchawki-elektrostatyczne-kz-zex-pro-czarne-12653406950
63b41cf192661ee8fd917a13,Dziewczęce nauszne słuchawki Bluetooth na prezent,"69,00 zł",https://allegro.pl/oferta/dziewczece-nauszne-sluchawki-bluetooth-na-prezent-9934695197
63b41cf192661ee8fd917a15,SŁUCHAWKI BEZPRZEWODOWE BLUETOOTH + POWERBANK iOS,"69,88 zł",https://allegro.pl/oferta/sluchawki-bezprzewodowe-bluetooth-powerbank-ios-12663704674
63b41cf192661ee8fd917a17,SŁUCHAWKI BEZPRZEWODOWE BLUETOOTH Z POWERBANKIEM,"40,00 zł",https://allegro.pl/events/clicks?emission_unit_id=c6d1e88b-2722-47f5-8486-1a9f9bb57d34&emission_id=3dd88f16-a29b-4dc4-bd2d-6e51870bb66a&type=OFFER&ts=1672748267342&redirect=https%3A%2F%2Fallegro.pl%2Foferta%2Fsluchawki-bezprzewodowe-bluetooth-z-powerbankiem-11265106757%3Fbi_s%3Dads%26bi_m%3Dlisting%253Adesktop%253Acategory%26bi_c%3DOTY2ZWFiZTctNDYwZC00NWQwLWI1MDgtYjc4MGVmNDYzYWUxAA%26bi_t%3Dape&placement=listing:desktop:category&sig=14f0a43a2ba205715e0ae1414b77af5f
63b41cf192661ee8fd917a19,Słuchawki Philips SHK2000BL/00 Dla Dzieci Nauszne,"69,99 zł",https://allegro.pl/oferta/sluchawki-philips-shk2000bl-00-dla-dzieci-nauszne-12547853306
63b41cf192661ee8fd917a1b,SŁUCHAWKI DLA DZIECI BLUETOOTH LED RGB KOCIE USZY,"40,00 zł",https://allegro.pl/oferta/sluchawki-dla-dzieci-bluetooth-led-rgb-kocie-uszy-12814932428
63b41cf192661ee8fd917a1d,XIAOMI SŁUCHAWKI BEZPRZEWODOWE BIAŁE REDMI BUDS 3,"186,90 zł",https://allegro.pl/oferta/xiaomi-sluchawki-bezprzewodowe-biale-redmi-buds-3-11539246820
63b41cf192661ee8fd917a1f,SŁUCHAWKI BEZPRZEWODOWE BLUETOOTH Z POWERBANKIEM,"40,00 zł",https://allegro.pl/oferta/sluchawki-bezprzewodowe-bluetooth-z-powerbankiem-12050981158
63b41cf192661ee8fd917a21,Słuchawki bezprzewodowe douszne BT F9 MOCNE,"40,00 zł",https://allegro.pl/oferta/sluchawki-bezprzewodowe-douszne-bt-f9-mocne-12950258359
63b41cf192661ee8fd917a23,Słuchawki studyjne DJ profesjonalne OneOdio PRO-10,"129,00 zł",https://allegro.pl/oferta/sluchawki-studyjne-dj-profesjonalne-oneodio-pro-10-12476763494
63b41cf192661ee8fd917a25,Słuchawki Douszne Przewodowe do Iphone + Mikrofon,"24,98 zł",https://allegro.pl/oferta/sluchawki-douszne-przewodowe-do-iphone-mikrofon-12619042078
63b41cf192661ee8fd917a27,SŁUCHAWKI BEZPRZEWODOWE BLUETOOTH 5.1 + POWERBANK,"40,00 zł",https://allegro.pl/events/clicks?emission_unit_id=2e11b8bc-1b78-43a8-a38c-226c7a35eb37&emission_id=3dd88f16-a29b-4dc4-bd2d-6e51870bb66a&type=OFFER&ts=1672748267342&redirect=https%3A%2F%2Fallegro.pl%2Foferta%2Fsluchawki-bezprzewodowe-bluetooth-5-1-powerbank-12950257155%3Fbi_s%3Dads%26bi_m%3Dlisting%253Adesktop%253Acategory%26bi_c%3DZjg5NjZlMzEtYTI1YS00YWFjLTk5NWEtY2E4ZTNjYjM3M2E2AA%26bi_t%3Dape&placement=listing:desktop:category&sig=cfe5b7db65a9a5ab4533349948473903
63b41cf192661ee8fd917a29,Słuchawki SPORT BEZPRZEWODOWE BLUETOOTH MIKROFON,"17,90 zł",https://allegro.pl/oferta/sluchawki-sport-bezprzewodowe-bluetooth-mikrofon-11874488139
63b41cf192661ee8fd917a2b,HAYLOU SŁUCHAWKI BEZPRZEWODOWE BLUETOOTH GT1 2022,"139,00 zł",https://allegro.pl/oferta/haylou-sluchawki-bezprzewodowe-bluetooth-gt1-2022-12721173554
63b41cf192661ee8fd917a2d,SŁUCHAWKI BEZPRZEWODOWE BLUETOOTH MIKROFON NAUSZNE,"40,00 zł",https://allegro.pl/oferta/sluchawki-bezprzewodowe-bluetooth-mikrofon-nauszne-11355813203
63b41cf192661ee8fd917a2f,Słuchawki Kocie Uszy Bezprzewodowe Nauszne Kolory,"59,99 zł",https://allegro.pl/oferta/sluchawki-kocie-uszy-bezprzewodowe-nauszne-kolory-12230077044
63b41cf192661ee8fd917a31,PRZEWODOWE SŁUCHAWKI DOKANAŁOWE / JBL TUNE 210,"74,99 zł",https://allegro.pl/oferta/przewodowe-sluchawki-dokanalowe-jbl-tune-210-12698036653
63b41cf192661ee8fd917a33,SŁUCHAWKI BEZPRZEWODOWE G02 BLUETOOTH + POWERBANK,"109,00 zł",https://allegro.pl/oferta/sluchawki-bezprzewodowe-g02-bluetooth-powerbank-9136252843
63b41cf192661ee8fd917a35,SŁUCHAWKI BEZPRZEWODOWE TWS WODOODPORNE POWERBANK,"79,99 zł",https://allegro.pl/oferta/sluchawki-bezprzewodowe-tws-wodoodporne-powerbank-13032421567
63b41cf192661ee8fd917a37,Słuchawki Bezprzewodowe + POWERBANK MIKROFON,"40,00 zł",https://allegro.pl/events/clicks?emission_unit_id=ba5577cb-061a-4ffe-ab77-1793ade3086d&emission_id=3dd88f16-a29b-4dc4-bd2d-6e51870bb66a&type=OFFER&ts=1672748267342&redirect=https%3A%2F%2Fallegro.pl%2Foferta%2Fsluchawki-bezprzewodowe-powerbank-mikrofon-12864996285%3Fbi_s%3Dads%26bi_m%3Dlisting%253Adesktop%253Acategory%26bi_c%3DZDdjNGE1NTgtMTg5ZC00MzMxLWFiODYtNGI2NzRkZGFiMmNiAA%26bi_t%3Dape&placement=listing:desktop:category&sig=669e4aa74279b3e6b599de35e097276a
63b41cf192661ee8fd917a39,SŁUCHAWKI BEZPRZEWODOWE BLUETOOTH GAMING POWERBANK,"129,99 zł",https://allegro.pl/oferta/sluchawki-bezprzewodowe-bluetooth-gaming-powerbank-12880872132
63b41cf192661ee8fd917a3b,SŁUCHAWKI BEZPRZEWODOWE WODOODPORNE LENOVO LP2,"119,99 zł",https://allegro.pl/oferta/sluchawki-bezprzewodowe-wodoodporne-lenovo-lp2-12997895145
63b41cf192661ee8fd917a3d,Xiaomi Redmi AirDots Basic 2 Słuchawki NOWY MODEL,"139,00 zł",https://allegro.pl/oferta/xiaomi-redmi-airdots-basic-2-sluchawki-nowy-model-10716518269
63b41cf192661ee8fd917a3f,Słuchawki Bezprzewodowe Przewodnictwo Kostne IP68,"349,00 zł",https://allegro.pl/oferta/sluchawki-bezprzewodowe-przewodnictwo-kostne-ip68-11446070207
63b41cf192661ee8fd917a41,SŁUCHAWKI SPORTOWE BEZPRZEWODOWE POWERBANK BT,"89,99 zł",https://allegro.pl/oferta/sluchawki-sportowe-bezprzewodowe-powerbank-bt-12135266861
63b41cf192661ee8fd917a43,Słuchawki bezprzewodowe Jlab Epic Air Sport ANC,"549,00 zł",https://allegro.pl/oferta/sluchawki-bezprzewodowe-jlab-epic-air-sport-anc-12825687058
63b41cf192661ee8fd917a45,Słuchawki BEZPRZEWODOWE XIAOMI SAMSUNG SONY IPHONE,"45,00 zł",https://allegro.pl/oferta/sluchawki-bezprzewodowe-xiaomi-samsung-sony-iphone-10656283940
63b41cf192661ee8fd917a47,SŁUCHAWKI BEZPRZEWODOWE BLUETOOTH SŁUCHAWKI LENOVO,"83,00 zł",https://allegro.pl/events/clicks?emission_unit_id=bf59ddc0-a234-401d-be7e-da7d39124f7f&emission_id=3dd88f16-a29b-4dc4-bd2d-6e51870bb66a&type=OFFER&ts=1672748267342&redirect=https%3A%2F%2Fallegro.pl%2Foferta%2Fsluchawki-bezprzewodowe-bluetooth-sluchawki-lenovo-12874483829%3Fbi_s%3Dads%26bi_m%3Dlisting%253Adesktop%253Acategory%26bi_c%3DYTVhZDVmOTktMTNiYy00MjgyLWE4YjgtMjA4Mzg0MDZmOTI0AA%26bi_t%3Dape&placement=listing:desktop:category&sig=448d6710ded0239bf29bb82c8104c185
63b41cf192661ee8fd917a49,SŁUCHAWKI BEZPRZEWODOWE BLUETOOTH 5.1 + POWERBANK,"40,00 zł",https://allegro.pl/oferta/sluchawki-bezprzewodowe-bluetooth-5-1-powerbank-11870944237
63b41cf192661ee8fd917a4b,SŁUCHAWKI JBL WAVE 300 TWS DOKANAŁOWE,"429,00 zł",https://allegro.pl/oferta/sluchawki-jbl-wave-300-tws-dokanalowe-13045911744
63b41cf292661ee8fd917a4d,SŁUCHAWKI BEZPRZEWODOWE LENOVO XT 92 WODOODPORNE,"99,00 zł",https://allegro.pl/oferta/sluchawki-bezprzewodowe-lenovo-xt-92-wodoodporne-12272890397
63b41cf292661ee8fd917a4f,Słuchawki Philips UpBeat TAUH202BK/00 Bluetooth,"109,00 zł",https://allegro.pl/oferta/sluchawki-philips-upbeat-tauh202bk-00-bluetooth-12413282184
63b41cf292661ee8fd917a51,SŁUCHAWKI BEZPRZEWODOWE BLUETOOTH Z POWERBANKIEM,"40,00 zł",https://allegro.pl/oferta/sluchawki-bezprzewodowe-bluetooth-z-powerbankiem-12643353064
63b41cf292661ee8fd917a53,SŁUCHAWKI BEZPRZEWODOWE WODOODPORNE LENOVO XT92,"97,00 zł",https://allegro.pl/oferta/sluchawki-bezprzewodowe-wodoodporne-lenovo-xt92-12601107890
63b41cf292661ee8fd917a55,Słuchawki bezprzewodowe QCY T2C TWS BT 5.0 IPX4,"78,90 zł",https://allegro.pl/oferta/sluchawki-bezprzewodowe-qcy-t2c-tws-bt-5-0-ipx4-12765010532
63b41cf292661ee8fd917a57,SŁUCHAWKI BEZPRZEWODOWE BLUETOOTH Z POWERBANKIEM,"34,90 zł",https://allegro.pl/events/clicks?emission_unit_id=0918e51c-e1a3-415b-b5d1-4f80ccd7ce17&emission_id=3dd88f16-a29b-4dc4-bd2d-6e51870bb66a&type=OFFER&ts=1672748267342&redirect=https%3A%2F%2Fallegro.pl%2Foferta%2Fsluchawki-bezprzewodowe-bluetooth-z-powerbankiem-12679328498%3Fbi_s%3Dads%26bi_m%3Dlisting%253Adesktop%253Acategory%26bi_c%3DOTM2N2I3YzctZWM3Zi00ODIwLWExNmMtZDk4NzIyNTc1ZWZlAA%26bi_t%3Dape&placement=listing:desktop:category&sig=662bbf0ce78f063c0e4c2d8e12f72258
63b41cf292661ee8fd917a59,SŁUCHAWKI NA PREZENT TOSHIBA 166H SKŁADANE NAUSZNE,"149,00 zł",https://allegro.pl/oferta/sluchawki-na-prezent-toshiba-166h-skladane-nauszne-12888812544
63b41cf292661ee8fd917a5b,Słuchawki DUAL SONIC bluetooth DUŻA MOC biegania,"57,99 zł",https://allegro.pl/oferta/sluchawki-dual-sonic-bluetooth-duza-moc-biegania-9283709425
63b41cf292661ee8fd917a5d,Słuchawki Bezprzewodowe Bluetooth z Mikrofonem MP3,"50,00 zł",https://allegro.pl/oferta/sluchawki-bezprzewodowe-bluetooth-z-mikrofonem-mp3-12419000857
63b41cf292661ee8fd917a5f,Słuchawki Bezprzewodowe Bluetooth Douszne BT5 TWS,"49,00 zł",https://allegro.pl/oferta/sluchawki-bezprzewodowe-bluetooth-douszne-bt5-tws-11688805445
63b41cf292661ee8fd917a61,Słuchawki bezprzewodowe Jlab JBuds Air ANC Czarne,"279,00 zł",https://allegro.pl/oferta/sluchawki-bezprzewodowe-jlab-jbuds-air-anc-czarne-12825627531
63b41cf292661ee8fd917a63,Słuchawki LG TONE Free FP3 TWS IPX4 bezprzewodowe,"149,90 zł",https://allegro.pl/oferta/sluchawki-lg-tone-free-fp3-tws-ipx4-bezprzewodowe-12204223515
63b41cf292661ee8fd917a65,SPEEDLINK EXCEDO STAND STOJAK NA SŁUCHAWKI UCHWYT,"40,00 zł",https://allegro.pl/oferta/speedlink-excedo-stand-stojak-na-sluchawki-uchwyt-12921535837
63b41cf292661ee8fd917a67,SŁUCHAWKI BEZPRZEWODOWE SŁUCHAWKI BLUETOOTH LENOVO,"78,00 zł",https://allegro.pl/events/clicks?emission_unit_id=2fb67828-e917-4192-a9ec-d442a329cc23&emission_id=3dd88f16-a29b-4dc4-bd2d-6e51870bb66a&type=OFFER&ts=1672748267342&redirect=https%3A%2F%2Fallegro.pl%2Foferta%2Fsluchawki-bezprzewodowe-sluchawki-bluetooth-lenovo-12800819233%3Fbi_s%3Dads%26bi_m%3Dlisting%253Adesktop%253Acategory%26bi_c%3DYTVhZDVmOTktMTNiYy00MjgyLWE4YjgtMjA4Mzg0MDZmOTI0AA%26bi_t%3Dape&placement=listing:desktop:category&sig=e093f52efd8fa0b85352f8f356476ffe
63b41cf292661ee8fd917a69,Słuchawki Bezprzewodowe Douszne AirDots V2 BT 5.0,"69,99 zł",https://allegro.pl/oferta/sluchawki-bezprzewodowe-douszne-airdots-v2-bt-5-0-12822190924
63b41cf292661ee8fd917a6b,Słuchawki Bezprzewodowe Nauszne Mikrofon Bluetooth,"69,00 zł",https://allegro.pl/oferta/sluchawki-bezprzewodowe-nauszne-mikrofon-bluetooth-12076657326
63b41cf292661ee8fd917a6d,Najlepsze Słuchawki do biegania siłowni pure bass,"149,75 zł",https://allegro.pl/oferta/najlepsze-sluchawki-do-biegania-silowni-pure-bass-12726250044
63b41cf292661ee8fd917a6f,SŁUCHAWKI BEZPRZEWODOWE BT BUDS DOUSZNE POWERBANK,"79,99 zł",https://allegro.pl/oferta/sluchawki-bezprzewodowe-bt-buds-douszne-powerbank-13032193303
63b41cf292661ee8fd917a71,SŁUCHAWKI BEZPRZEWODOWE DOUSZNE BT 5.1 POWERBANK,"40,00 zł",https://allegro.pl/oferta/sluchawki-bezprzewodowe-douszne-bt-5-1-powerbank-12668608813
63b41cf292661ee8fd917a73,SŁUCHAWKI BEZPRZEWODOWE TWS F9 5.1 DO IOS ANDROID,"40,00 zł",https://allegro.pl/oferta/sluchawki-bezprzewodowe-tws-f9-5-1-do-ios-android-9651649438
63b41cf292661ee8fd917a75,SŁUCHAWKI BEZPRZEWODOWE WODOODPORNE Z POWERBANKIEM,"49,00 zł",https://allegro.pl/oferta/sluchawki-bezprzewodowe-wodoodporne-z-powerbankiem-12027414747
63b41cf292661ee8fd917a77,Słuchawki Bezprzewodowe + POWERBANK MIKROFON,"40,00 zł",https://allegro.pl/events/clicks?emission_unit_id=317f545a-4476-4f6d-b876-03b15f66899c&emission_id=3dd88f16-a29b-4dc4-bd2d-6e51870bb66a&type=OFFER&ts=1672748267342&redirect=https%3A%2F%2Fallegro.pl%2Foferta%2Fsluchawki-bezprzewodowe-powerbank-mikrofon-12613841088%3Fbi_s%3Dads%26bi_m%3Dlisting%253Adesktop%253Acategory%26bi_c%3DMmRiNDM5NGEtNDUyYi00NWJkLTkxNjAtMzAzYWU2YjlmOTU4AA%26bi_t%3Dape&placement=listing:desktop:category&sig=5ede18964d180517dffbf4da135151c9
63b41cf292661ee8fd917a79,Słuchawki Taotronics TWS TT-BH092 etui 30 godzin,"159,00 zł",https://allegro.pl/oferta/sluchawki-taotronics-tws-tt-bh092-etui-30-godzin-10118456689
63b41cf292661ee8fd917a7b,SŁUCHAWKI BEZPRZEWODOWE DOUSZNE BT 5.1 POWERBANK,"40,00 zł",https://allegro.pl/oferta/sluchawki-bezprzewodowe-douszne-bt-5-1-powerbank-12705161641
63b41cf292661ee8fd917a7d,SŁUCHAWKI GOOGLE PIXEL BUDS A-SERIES BIAŁE,"429,00 zł",https://allegro.pl/oferta/sluchawki-google-pixel-buds-a-series-biale-13025267461
63b41cf292661ee8fd917a7f,"ORYGINALNE Słuchawki douszne Sony MH410C 3,5 JACK","40,00 zł",https://allegro.pl/oferta/oryginalne-sluchawki-douszne-sony-mh410c-3-5-jack-11305670425
63b41cf292661ee8fd917a81,SŁUCHAWKI AIRDOTS EARBUDS NOWY MODEL + POWERBANK,"40,00 zł",https://allegro.pl/events/clicks?emission_unit_id=e3f41cb9-850b-4d07-ad3f-e42d88aafc1d&emission_id=3dd88f16-a29b-4dc4-bd2d-6e51870bb66a&type=OFFER&ts=1672748267342&redirect=https%3A%2F%2Fallegro.pl%2Foferta%2Fsluchawki-airdots-earbuds-nowy-model-powerbank-10473330636%3Fbi_s%3Dads%26bi_m%3Dlisting%253Adesktop%253Acategory%26bi_c%3DM2NkYTZlZGYtNTY1OS00NzU1LTgxNTYtY2MxODc0ZWNhM2M2AA%26bi_t%3Dape&placement=listing:desktop:category&sig=e4183a31e5eaa874a400ef5269dfdd6a
63b41cf292661ee8fd917a83,SŁUCHAWKI BEZPRZEWODOWE BLUETOOTH PODS POWERBANK,"89,99 zł",https://allegro.pl/events/clicks?emission_unit_id=f9142864-f81d-412a-9438-52e825cef036&emission_id=3dd88f16-a29b-4dc4-bd2d-6e51870bb66a&type=OFFER&ts=1672748267343&redirect=https%3A%2F%2Fallegro.pl%2Foferta%2Fsluchawki-bezprzewodowe-bluetooth-pods-powerbank-12774845550%3Fbi_s%3Dads%26bi_m%3Dlisting%253Adesktop%253Acategory%26bi_c%3DOGUzZDYzNTgtNjcxZi00MDBjLTkyM2MtMTExMjljYjA5OTkyAA%26bi_t%3Dape&placement=listing:desktop:category&sig=52cf4bd44db657b522b1804ccf84bb54
